{"stats":{"minecraft:killed":{"minecraft:witch":9,"minecraft:skeleton":6,"iceandfire:ghost":1},"minecraft:mined":{"minecraft:acacia_leaves":1,"minecraft:cherry_log":10,"minecraft:crafting_table":3,"minecraft:blast_furnace":1,"minecraft:tall_grass":17,"minecraft:pink_petals":1,"minecraft:large_fern":2,"minecraft:furnace":2,"minecraft:black_bed":1,"minecraft:peony":1,"minecraft:grass":9,"minecraft:vine":5,"minecraft:cherry_leaves":4,"minecraft:cobweb":12,"minecraft:stone":8,"minecraft:oak_leaves":1,"minecraft:fern":2},"minecraft:picked_up":{"minecraft:pink_petals":2,"minecraft:crafting_table":3,"minecraft:black_bed":1,"minecraft:string":11,"minecraft:bone":9,"minecraft:bow":1,"minecraft:cherry_boat":2,"minecraft:wheat_seeds":3,"minecraft:glass_bottle":3,"minecraft:iron_sword":1,"minecraft:furnace":2,"iceandfire:dragonbone":27,"minecraft:stick":4,"minecraft:milk_bucket":1,"iceandfire:dragon_skull_fire":5,"minecraft:cherry_log":10,"sophisticatedbackpacks:iron_backpack":1,"minecraft:blast_furnace":1,"minecraft:redstone":2,"minecraft:spider_eye":3,"minecraft:arrow":7,"minecraft:cherry_sapling":2,"minecraft:emerald":3,"minecraft:cobblestone":8},"minecraft:custom":{"minecraft:mob_kills":18,"minecraft:interact_with_crafting_table":5,"minecraft:open_barrel":2,"minecraft:time_since_death":83353,"minecraft:sleep_in_bed":2,"minecraft:climb_one_cm":3614,"minecraft:time_since_rest":46250,"minecraft:sprint_one_cm":90356,"minecraft:damage_taken":1392,"minecraft:walk_one_cm":63402,"minecraft:damage_blocked_by_shield":155,"minecraft:trigger_trapped_chest":1,"minecraft:drop":10,"minecraft:damage_dealt":4455,"minecraft:fly_one_cm":301016,"minecraft:damage_dealt_absorbed":80,"minecraft:swim_one_cm":8995,"minecraft:open_chest":21,"minecraft:crouch_one_cm":8021,"minecraft:play_time":83353,"minecraft:sneak_time":3411,"minecraft:walk_under_water_one_cm":5248,"minecraft:boat_one_cm":40065,"minecraft:jump":1150,"minecraft:interact_with_blast_furnace":1,"minecraft:walk_on_water_one_cm":9838,"minecraft:total_world_time":83353,"minecraft:fall_one_cm":31858},"minecraft:dropped":{"minecraft:iron_sword":1,"minecraft:wheat_seeds":2,"minecraft:cherry_sapling":1,"minecraft:cooked_salmon":4,"minecraft:potion":1,"minecraft:bow":1,"minecraft:gold_ingot":1},"minecraft:crafted":{"minecraft:cherry_planks":40,"minecraft:crafting_table":1,"minecraft:wooden_pickaxe":1,"minecraft:cherry_boat":1,"minecraft:stone_axe":1,"minecraft:stick":8,"minecraft:stone_pickaxe":1,"minecraft:wooden_axe":1},"minecraft:used":{"minecraft:cherry_boat":2,"minecraft:stone_pickaxe":2,"minecraft:ender_pearl":2,"minecraft:wooden_pickaxe":16,"minecraft:shield":5,"minecraft:iron_sword":151,"minecraft:crafting_table":3,"minecraft:black_bed":1,"minecraft:milk_bucket":1,"minecraft:wooden_axe":2,"minecraft:bread":27,"minecraft:iron_pickaxe":4,"minecraft:stone_axe":19,"minecraft:pink_petals":2,"iceandfire:dragon_skull_fire":1}},"DataVersion":3465}